#
# DUMP FILE
#
# Database is ported from MS Access
#------------------------------------------------------------------
# Created using "MS Access to MySQL" form http://www.bullzip.com
# Program Version 5.4.274
#
# 
#
# Table structure for table 'ciclista'
#

DROP TABLE IF EXISTS `ciclista`;

CREATE TABLE `ciclista` (
  `dorsal` INTEGER NOT NULL, 
  `nombre` VARCHAR(30) NOT NULL, 
  `edad` INTEGER, 
  `nomeq` VARCHAR(25), 
  PRIMARY KEY (`dorsal`)
) ENGINE=InnoDB DEFAULT CHARSET=utf8;

SET autocommit=1;

#
# Dumping data for table 'ciclista'
#

INSERT INTO `ciclista` (`dorsal`, `nombre`, `edad`, `nomeq`) VALUES (1, 'Miguel Induráin', 32, 'Banesto');
INSERT INTO `ciclista` (`dorsal`, `nombre`, `edad`, `nomeq`) VALUES (2, 'Pedro Delgado', 35, 'Banesto');
INSERT INTO `ciclista` (`dorsal`, `nombre`, `edad`, `nomeq`) VALUES (3, 'Alex Zulle', 27, 'ONCE');
INSERT INTO `ciclista` (`dorsal`, `nombre`, `edad`, `nomeq`) VALUES (4, 'Tony Rominger', 30, 'Mapei-Clas');
INSERT INTO `ciclista` (`dorsal`, `nombre`, `edad`, `nomeq`) VALUES (5, 'Gert-Jan Theunisse', 32, 'TVM');
INSERT INTO `ciclista` (`dorsal`, `nombre`, `edad`, `nomeq`) VALUES (6, 'Adriano Baffi', 33, 'Mercatone Uno');
INSERT INTO `ciclista` (`dorsal`, `nombre`, `edad`, `nomeq`) VALUES (7, 'Massimiliano Lelli', 30, 'Mercatone Uno');
INSERT INTO `ciclista` (`dorsal`, `nombre`, `edad`, `nomeq`) VALUES (8, 'Jean Van Poppel', 33, 'Lotus Festina');
INSERT INTO `ciclista` (`dorsal`, `nombre`, `edad`, `nomeq`) VALUES (9, 'Massimo Podenzana', 34, 'Navigare');
INSERT INTO `ciclista` (`dorsal`, `nombre`, `edad`, `nomeq`) VALUES (10, 'Mario Cipollini', 28, 'Mercatone Uno');
INSERT INTO `ciclista` (`dorsal`, `nombre`, `edad`, `nomeq`) VALUES (11, 'Flavio Giupponi', 31, 'Bresciali-Refin');
INSERT INTO `ciclista` (`dorsal`, `nombre`, `edad`, `nomeq`) VALUES (12, 'Alessio Di Basco', 31, 'Amore Vita');
INSERT INTO `ciclista` (`dorsal`, `nombre`, `edad`, `nomeq`) VALUES (13, 'Lale Cubino', 28, 'Seguros Amaya');
INSERT INTO `ciclista` (`dorsal`, `nombre`, `edad`, `nomeq`) VALUES (14, 'Roberto Pagnin', 33, 'Navigare');
INSERT INTO `ciclista` (`dorsal`, `nombre`, `edad`, `nomeq`) VALUES (15, 'Jesper Skibby', 31, 'TVM');
INSERT INTO `ciclista` (`dorsal`, `nombre`, `edad`, `nomeq`) VALUES (16, 'Dimitri Konishev', 29, 'Jolly Club');
INSERT INTO `ciclista` (`dorsal`, `nombre`, `edad`, `nomeq`) VALUES (17, 'Bruno Leali', 37, 'Bresciali-Refin');
INSERT INTO `ciclista` (`dorsal`, `nombre`, `edad`, `nomeq`) VALUES (18, 'Robert Millar', 37, 'TVM');
INSERT INTO `ciclista` (`dorsal`, `nombre`, `edad`, `nomeq`) VALUES (19, 'Julian Gorospe', 34, 'Banesto');
INSERT INTO `ciclista` (`dorsal`, `nombre`, `edad`, `nomeq`) VALUES (20, 'Alfonso Gutiérrez', 29, 'Artiach');
INSERT INTO `ciclista` (`dorsal`, `nombre`, `edad`, `nomeq`) VALUES (21, 'Erwin Nijboer', 31, 'Artiach');
INSERT INTO `ciclista` (`dorsal`, `nombre`, `edad`, `nomeq`) VALUES (22, 'Giorgio Furlan', 32, 'Gewiss');
INSERT INTO `ciclista` (`dorsal`, `nombre`, `edad`, `nomeq`) VALUES (23, 'Lance Armstrong', 27, 'Motorola');
INSERT INTO `ciclista` (`dorsal`, `nombre`, `edad`, `nomeq`) VALUES (24, 'Claudio Chiappucci', 29, 'Carrera');
INSERT INTO `ciclista` (`dorsal`, `nombre`, `edad`, `nomeq`) VALUES (25, 'Gianni Bugno', 32, 'Gatorade');
INSERT INTO `ciclista` (`dorsal`, `nombre`, `edad`, `nomeq`) VALUES (26, 'Mikel Zarrabeitia', 27, 'Banesto');
INSERT INTO `ciclista` (`dorsal`, `nombre`, `edad`, `nomeq`) VALUES (27, 'Laurent Jalabert', 28, 'ONCE');
INSERT INTO `ciclista` (`dorsal`, `nombre`, `edad`, `nomeq`) VALUES (28, 'Jesus Montoya', 33, 'Banesto');
INSERT INTO `ciclista` (`dorsal`, `nombre`, `edad`, `nomeq`) VALUES (29, 'Angel Edo', 28, 'Kelme');
INSERT INTO `ciclista` (`dorsal`, `nombre`, `edad`, `nomeq`) VALUES (30, 'Melchor Mauri', 28, 'Banesto');
INSERT INTO `ciclista` (`dorsal`, `nombre`, `edad`, `nomeq`) VALUES (31, 'Vicente Aparicio', 30, 'Banesto');
INSERT INTO `ciclista` (`dorsal`, `nombre`, `edad`, `nomeq`) VALUES (32, 'Laurent Dufaux', 28, 'ONCE');
INSERT INTO `ciclista` (`dorsal`, `nombre`, `edad`, `nomeq`) VALUES (33, 'Stefano della Santa', 29, 'Mapei-Clas');
INSERT INTO `ciclista` (`dorsal`, `nombre`, `edad`, `nomeq`) VALUES (34, 'Angel Yesid Camargo', 30, 'Kelme');
INSERT INTO `ciclista` (`dorsal`, `nombre`, `edad`, `nomeq`) VALUES (35, 'Erik Dekker', 28, 'Wordperfect');
INSERT INTO `ciclista` (`dorsal`, `nombre`, `edad`, `nomeq`) VALUES (36, 'Gian Matteo Fagnini', 32, 'Mercatone Uno');
INSERT INTO `ciclista` (`dorsal`, `nombre`, `edad`, `nomeq`) VALUES (37, 'Scott Sunderland', 29, 'TVM');
INSERT INTO `ciclista` (`dorsal`, `nombre`, `edad`, `nomeq`) VALUES (38, 'Javier Palacin', 25, 'Euskadi');
INSERT INTO `ciclista` (`dorsal`, `nombre`, `edad`, `nomeq`) VALUES (39, 'Rudy Verdonck', 30, 'Lotus Festina');
INSERT INTO `ciclista` (`dorsal`, `nombre`, `edad`, `nomeq`) VALUES (40, 'Viatceslav Ekimov', 32, 'Wordperfect');
INSERT INTO `ciclista` (`dorsal`, `nombre`, `edad`, `nomeq`) VALUES (41, 'Rolf Aldag', 25, 'Telecom');
INSERT INTO `ciclista` (`dorsal`, `nombre`, `edad`, `nomeq`) VALUES (42, 'Davide Cassani', 29, 'TVM');
INSERT INTO `ciclista` (`dorsal`, `nombre`, `edad`, `nomeq`) VALUES (43, 'Francesco Casagrande', 28, 'Mercatone Uno');
INSERT INTO `ciclista` (`dorsal`, `nombre`, `edad`, `nomeq`) VALUES (44, 'Luca Gelfi', 27, 'Gatorade');
INSERT INTO `ciclista` (`dorsal`, `nombre`, `edad`, `nomeq`) VALUES (45, 'Alberto Elli', 26, 'Artiach');
INSERT INTO `ciclista` (`dorsal`, `nombre`, `edad`, `nomeq`) VALUES (46, 'Agustin Sagasti', 24, 'Euskadi');
INSERT INTO `ciclista` (`dorsal`, `nombre`, `edad`, `nomeq`) VALUES (47, 'Laurent Pillon', 32, 'Gewiss');
INSERT INTO `ciclista` (`dorsal`, `nombre`, `edad`, `nomeq`) VALUES (48, 'Marco Saligari', 29, 'Gewiss');
INSERT INTO `ciclista` (`dorsal`, `nombre`, `edad`, `nomeq`) VALUES (49, 'Eugeni Berzin', 23, 'Gewiss');
INSERT INTO `ciclista` (`dorsal`, `nombre`, `edad`, `nomeq`) VALUES (50, 'Fernando Escartin', 27, 'Mapei-Clas');
INSERT INTO `ciclista` (`dorsal`, `nombre`, `edad`, `nomeq`) VALUES (51, 'Udo Bolts', 30, 'Telecom');
INSERT INTO `ciclista` (`dorsal`, `nombre`, `edad`, `nomeq`) VALUES (52, 'Vladislav Bobrik', 26, 'Gewiss');
INSERT INTO `ciclista` (`dorsal`, `nombre`, `edad`, `nomeq`) VALUES (53, 'Michele Bartoli', 28, 'Mercatone Uno');
INSERT INTO `ciclista` (`dorsal`, `nombre`, `edad`, `nomeq`) VALUES (54, 'Steffen Wesemann', 30, 'Telecom');
INSERT INTO `ciclista` (`dorsal`, `nombre`, `edad`, `nomeq`) VALUES (55, 'Nicola Minali', 28, 'Gewiss');
INSERT INTO `ciclista` (`dorsal`, `nombre`, `edad`, `nomeq`) VALUES (56, 'Andrew Hampsten', 29, 'Banesto');
INSERT INTO `ciclista` (`dorsal`, `nombre`, `edad`, `nomeq`) VALUES (57, 'Stefano Zanini', 28, 'Navigare');
INSERT INTO `ciclista` (`dorsal`, `nombre`, `edad`, `nomeq`) VALUES (58, 'Gerd Audehm', 34, 'Telecom');
INSERT INTO `ciclista` (`dorsal`, `nombre`, `edad`, `nomeq`) VALUES (59, 'Mariano Picolli', 28, 'Mercatone Uno');
INSERT INTO `ciclista` (`dorsal`, `nombre`, `edad`, `nomeq`) VALUES (60, 'Giovanni Lombardi', 28, 'Bresciali-Refin');
INSERT INTO `ciclista` (`dorsal`, `nombre`, `edad`, `nomeq`) VALUES (61, 'Walte Castignola', 26, 'Navigare');
INSERT INTO `ciclista` (`dorsal`, `nombre`, `edad`, `nomeq`) VALUES (62, 'Raul Alcala', 30, 'Motorola');
INSERT INTO `ciclista` (`dorsal`, `nombre`, `edad`, `nomeq`) VALUES (63, 'Alvaro Mejia', 32, 'Motorola');
INSERT INTO `ciclista` (`dorsal`, `nombre`, `edad`, `nomeq`) VALUES (64, 'Giuseppe Petito', 28, 'Mercatone Uno');
INSERT INTO `ciclista` (`dorsal`, `nombre`, `edad`, `nomeq`) VALUES (65, 'Pascal Lino', 29, 'Amore Vita');
INSERT INTO `ciclista` (`dorsal`, `nombre`, `edad`, `nomeq`) VALUES (66, 'Enrico Zaina', 24, 'Gewiss');
INSERT INTO `ciclista` (`dorsal`, `nombre`, `edad`, `nomeq`) VALUES (67, 'Armand de las Cuevas', 28, 'Castorama');
INSERT INTO `ciclista` (`dorsal`, `nombre`, `edad`, `nomeq`) VALUES (68, 'Angel Citracca', 28, 'Navigare');
INSERT INTO `ciclista` (`dorsal`, `nombre`, `edad`, `nomeq`) VALUES (69, 'Eddy Seigneur', 27, 'Castorama');
INSERT INTO `ciclista` (`dorsal`, `nombre`, `edad`, `nomeq`) VALUES (70, 'Sandro Heulot', 29, 'Banesto');
INSERT INTO `ciclista` (`dorsal`, `nombre`, `edad`, `nomeq`) VALUES (71, 'Prudencio Induráin', 27, 'Banesto');
INSERT INTO `ciclista` (`dorsal`, `nombre`, `edad`, `nomeq`) VALUES (72, 'Stefano Colage', 28, 'Bresciali-Refin');
INSERT INTO `ciclista` (`dorsal`, `nombre`, `edad`, `nomeq`) VALUES (73, 'Laurent Fignon', 35, 'Gatorade');
INSERT INTO `ciclista` (`dorsal`, `nombre`, `edad`, `nomeq`) VALUES (74, 'Claudio Chioccioli', 36, 'Amore Vita');
INSERT INTO `ciclista` (`dorsal`, `nombre`, `edad`, `nomeq`) VALUES (75, 'Juan Romero', 32, 'Seguros Amaya');
INSERT INTO `ciclista` (`dorsal`, `nombre`, `edad`, `nomeq`) VALUES (76, 'Marco Giovannetti', 34, 'Gatorade');
INSERT INTO `ciclista` (`dorsal`, `nombre`, `edad`, `nomeq`) VALUES (77, 'Javier Mauleon', 33, 'Mapei-Clas');
INSERT INTO `ciclista` (`dorsal`, `nombre`, `edad`, `nomeq`) VALUES (78, 'Antonio Esparza', 35, 'Kelme');
INSERT INTO `ciclista` (`dorsal`, `nombre`, `edad`, `nomeq`) VALUES (79, 'Johan Bruyneel', 33, 'ONCE');
INSERT INTO `ciclista` (`dorsal`, `nombre`, `edad`, `nomeq`) VALUES (80, 'Federico Echave', 37, 'Mapei-Clas');
INSERT INTO `ciclista` (`dorsal`, `nombre`, `edad`, `nomeq`) VALUES (81, 'Piotr Ugrumov', 33, 'Gewiss');
INSERT INTO `ciclista` (`dorsal`, `nombre`, `edad`, `nomeq`) VALUES (82, 'Edgar Corredor', 30, 'Kelme');
INSERT INTO `ciclista` (`dorsal`, `nombre`, `edad`, `nomeq`) VALUES (83, 'Hernan Buenahora', 32, 'Kelme');
INSERT INTO `ciclista` (`dorsal`, `nombre`, `edad`, `nomeq`) VALUES (84, 'Jon Unzaga', 31, 'Mapei-Clas');
INSERT INTO `ciclista` (`dorsal`, `nombre`, `edad`, `nomeq`) VALUES (85, 'Dimitri Abdoujaparov', 30, 'Carrera');
INSERT INTO `ciclista` (`dorsal`, `nombre`, `edad`, `nomeq`) VALUES (86, 'Juan Martinez Oliver', 32, 'Kelme');
INSERT INTO `ciclista` (`dorsal`, `nombre`, `edad`, `nomeq`) VALUES (87, 'Fernando Mota', 32, 'Artiach');
INSERT INTO `ciclista` (`dorsal`, `nombre`, `edad`, `nomeq`) VALUES (88, 'Angel Camarillo', 28, 'Mapei-Clas');
INSERT INTO `ciclista` (`dorsal`, `nombre`, `edad`, `nomeq`) VALUES (89, 'Stefan Roche', 36, 'Carrera');
INSERT INTO `ciclista` (`dorsal`, `nombre`, `edad`, `nomeq`) VALUES (90, 'Ivan Ivanov', 27, 'Artiach');
INSERT INTO `ciclista` (`dorsal`, `nombre`, `edad`, `nomeq`) VALUES (91, 'Nestor Mora', 28, 'Kelme');
INSERT INTO `ciclista` (`dorsal`, `nombre`, `edad`, `nomeq`) VALUES (92, 'Federico Garcia', 27, 'Artiach');
INSERT INTO `ciclista` (`dorsal`, `nombre`, `edad`, `nomeq`) VALUES (93, 'Bo Hamburger', 29, 'TVM');
INSERT INTO `ciclista` (`dorsal`, `nombre`, `edad`, `nomeq`) VALUES (94, 'Marino Alonso', 30, 'Banesto');
INSERT INTO `ciclista` (`dorsal`, `nombre`, `edad`, `nomeq`) VALUES (95, 'Manuel Guijarro', 31, 'Lotus Festina');
INSERT INTO `ciclista` (`dorsal`, `nombre`, `edad`, `nomeq`) VALUES (96, 'Tom Cordes', 29, 'Wordperfect');
INSERT INTO `ciclista` (`dorsal`, `nombre`, `edad`, `nomeq`) VALUES (97, 'Casimiro Moreda', 28, 'ONCE');
INSERT INTO `ciclista` (`dorsal`, `nombre`, `edad`, `nomeq`) VALUES (98, 'Eleuterio Anguita', 25, 'Artiach');
INSERT INTO `ciclista` (`dorsal`, `nombre`, `edad`, `nomeq`) VALUES (99, 'Per Pedersen', 29, 'Seguros Amaya');
INSERT INTO `ciclista` (`dorsal`, `nombre`, `edad`, `nomeq`) VALUES (100, 'William Palacios', 30, 'Jolly Club');
# 100 records

#
# Table structure for table 'equipo'
#

DROP TABLE IF EXISTS `equipo`;

CREATE TABLE `equipo` (
  `nomeq` VARCHAR(25) NOT NULL, 
  `director` VARCHAR(30), 
  PRIMARY KEY (`nomeq`)
) ENGINE=InnoDB DEFAULT CHARSET=utf8;

SET autocommit=1;

#
# Dumping data for table 'equipo'
#

INSERT INTO `equipo` (`nomeq`, `director`) VALUES ('Artiach', 'José Peréz');
INSERT INTO `equipo` (`nomeq`, `director`) VALUES ('Banesto', 'Miguel Echevarria');
INSERT INTO `equipo` (`nomeq`, `director`) VALUES ('Bresciali-Refin', 'Pietro Armani');
INSERT INTO `equipo` (`nomeq`, `director`) VALUES ('Carrera', 'Luigi Petroni');
INSERT INTO `equipo` (`nomeq`, `director`) VALUES ('Castorama', 'Jean Philip');
INSERT INTO `equipo` (`nomeq`, `director`) VALUES ('Euskadi', 'Pedro Txucaru');
INSERT INTO `equipo` (`nomeq`, `director`) VALUES ('Gatorade', 'Gian Luca Pacceli');
INSERT INTO `equipo` (`nomeq`, `director`) VALUES ('Gewiss', 'Moreno Argentin');
INSERT INTO `equipo` (`nomeq`, `director`) VALUES ('Jolly Club', 'Johan Richard');
INSERT INTO `equipo` (`nomeq`, `director`) VALUES ('Kelme', 'Álvaro Pino');
INSERT INTO `equipo` (`nomeq`, `director`) VALUES ('Lotus Festina', 'Suarez Cuevas');
INSERT INTO `equipo` (`nomeq`, `director`) VALUES ('Mapei-Clas', 'Juan Fernandez');
INSERT INTO `equipo` (`nomeq`, `director`) VALUES ('Mercatone Uno', 'Ettore Romano');
INSERT INTO `equipo` (`nomeq`, `director`) VALUES ('Motorola', 'John Fidwell');
INSERT INTO `equipo` (`nomeq`, `director`) VALUES ('Navigare', 'Lonrenzo Sciacci');
INSERT INTO `equipo` (`nomeq`, `director`) VALUES ('ONCE', 'Manuel Sainz');
INSERT INTO `equipo` (`nomeq`, `director`) VALUES ('PDM', 'Piet Van Der Kruis');
INSERT INTO `equipo` (`nomeq`, `director`) VALUES ('Seguros Amaya', 'Minguez');
INSERT INTO `equipo` (`nomeq`, `director`) VALUES ('Telecom', 'Morgan Reikcard');
INSERT INTO `equipo` (`nomeq`, `director`) VALUES ('TVM', 'Steveens Henk');
INSERT INTO `equipo` (`nomeq`, `director`) VALUES ('Wordperfect', 'Bill Gates');
INSERT INTO `equipo` (`nomeq`, `director`) VALUES ('Amore Vita', 'Ricardo Padacci');
# 22 records

#
# Table structure for table 'etapa'
#

DROP TABLE IF EXISTS `etapa`;

CREATE TABLE `etapa` (
  `netapa` INTEGER NOT NULL, 
  `km` INTEGER, 
  `salida` VARCHAR(35), 
  `llegada` VARCHAR(35), 
  `dorsal` INTEGER, 
  PRIMARY KEY (`netapa`)
) ENGINE=InnoDB DEFAULT CHARSET=utf8;

SET autocommit=1;

#
# Dumping data for table 'etapa'
#

INSERT INTO `etapa` (`netapa`, `km`, `salida`, `llegada`, `dorsal`) VALUES (1, 9, 'Valladolid', 'Valladolid', 1);
INSERT INTO `etapa` (`netapa`, `km`, `salida`, `llegada`, `dorsal`) VALUES (2, 180, 'Valladolid', 'Salamanca', 36);
INSERT INTO `etapa` (`netapa`, `km`, `salida`, `llegada`, `dorsal`) VALUES (3, 240, 'Salamanca', 'Caceres', 12);
INSERT INTO `etapa` (`netapa`, `km`, `salida`, `llegada`, `dorsal`) VALUES (4, 230, 'Almendralejo', 'Córdoba', 83);
INSERT INTO `etapa` (`netapa`, `km`, `salida`, `llegada`, `dorsal`) VALUES (5, 170, 'Córdoba', 'Granada', 27);
INSERT INTO `etapa` (`netapa`, `km`, `salida`, `llegada`, `dorsal`) VALUES (6, 150, 'Granada', 'Sierra Nevada', 52);
INSERT INTO `etapa` (`netapa`, `km`, `salida`, `llegada`, `dorsal`) VALUES (7, 250, 'Baza', 'Alicante', 22);
INSERT INTO `etapa` (`netapa`, `km`, `salida`, `llegada`, `dorsal`) VALUES (8, 40, 'Benidorm', 'Benidorm', 1);
INSERT INTO `etapa` (`netapa`, `km`, `salida`, `llegada`, `dorsal`) VALUES (9, 150, 'Benidorm', 'Valencia', 35);
INSERT INTO `etapa` (`netapa`, `km`, `salida`, `llegada`, `dorsal`) VALUES (10, 200, 'Igualada', 'Andorra', 2);
INSERT INTO `etapa` (`netapa`, `km`, `salida`, `llegada`, `dorsal`) VALUES (11, 195, 'Andorra', 'Estación de Cerler', 65);
INSERT INTO `etapa` (`netapa`, `km`, `salida`, `llegada`, `dorsal`) VALUES (12, 220, 'Benasque', 'Zaragoza', 12);
INSERT INTO `etapa` (`netapa`, `km`, `salida`, `llegada`, `dorsal`) VALUES (13, 200, 'Zaragoza', 'Pamplona', 93);
INSERT INTO `etapa` (`netapa`, `km`, `salida`, `llegada`, `dorsal`) VALUES (14, 172, 'Pamplona', 'Alto de la Cruz de la Demanda', 86);
INSERT INTO `etapa` (`netapa`, `km`, `salida`, `llegada`, `dorsal`) VALUES (15, 207, 'Santo Domingo de la Calzada', 'Santander', 10);
INSERT INTO `etapa` (`netapa`, `km`, `salida`, `llegada`, `dorsal`) VALUES (16, 160, 'Santander', 'Lagos de Covadonga', 5);
INSERT INTO `etapa` (`netapa`, `km`, `salida`, `llegada`, `dorsal`) VALUES (17, 140, 'Cangas de Onis', 'Alto del Naranco', 4);
INSERT INTO `etapa` (`netapa`, `km`, `salida`, `llegada`, `dorsal`) VALUES (18, 195, 'Ávila', 'Ávila', 8);
INSERT INTO `etapa` (`netapa`, `km`, `salida`, `llegada`, `dorsal`) VALUES (19, 190, 'Ávila', 'Destilerias Dyc', 2);
INSERT INTO `etapa` (`netapa`, `km`, `salida`, `llegada`, `dorsal`) VALUES (20, 52, 'Segovia', 'Destilerias Dyc', 2);
INSERT INTO `etapa` (`netapa`, `km`, `salida`, `llegada`, `dorsal`) VALUES (21, 170, 'Destilerias Dyc', 'Madrid', 27);
# 21 records

#
# Table structure for table 'llevar'
#

DROP TABLE IF EXISTS `llevar`;

CREATE TABLE `llevar` (
  `dorsal` INTEGER NOT NULL, 
  `netapa` INTEGER NOT NULL, 
  `codigo` VARCHAR(3) NOT NULL, 
  PRIMARY KEY (`netapa`, `codigo`)
) ENGINE=InnoDB DEFAULT CHARSET=utf8;

SET autocommit=1;

#
# Dumping data for table 'llevar'
#

INSERT INTO `llevar` (`dorsal`, `netapa`, `codigo`) VALUES (1, 1, 'MGE');
INSERT INTO `llevar` (`dorsal`, `netapa`, `codigo`) VALUES (1, 1, 'MMO');
INSERT INTO `llevar` (`dorsal`, `netapa`, `codigo`) VALUES (67, 1, 'MMS');
INSERT INTO `llevar` (`dorsal`, `netapa`, `codigo`) VALUES (1, 1, 'MMV');
INSERT INTO `llevar` (`dorsal`, `netapa`, `codigo`) VALUES (1, 1, 'MRE');
INSERT INTO `llevar` (`dorsal`, `netapa`, `codigo`) VALUES (1, 1, 'MSE');
INSERT INTO `llevar` (`dorsal`, `netapa`, `codigo`) VALUES (1, 2, 'MGE');
INSERT INTO `llevar` (`dorsal`, `netapa`, `codigo`) VALUES (25, 2, 'MMO');
INSERT INTO `llevar` (`dorsal`, `netapa`, `codigo`) VALUES (69, 2, 'MMS');
INSERT INTO `llevar` (`dorsal`, `netapa`, `codigo`) VALUES (16, 2, 'MMV');
INSERT INTO `llevar` (`dorsal`, `netapa`, `codigo`) VALUES (27, 2, 'MRE');
INSERT INTO `llevar` (`dorsal`, `netapa`, `codigo`) VALUES (8, 2, 'MSE');
INSERT INTO `llevar` (`dorsal`, `netapa`, `codigo`) VALUES (1, 3, 'MGE');
INSERT INTO `llevar` (`dorsal`, `netapa`, `codigo`) VALUES (25, 3, 'MMO');
INSERT INTO `llevar` (`dorsal`, `netapa`, `codigo`) VALUES (67, 3, 'MMS');
INSERT INTO `llevar` (`dorsal`, `netapa`, `codigo`) VALUES (16, 3, 'MMV');
INSERT INTO `llevar` (`dorsal`, `netapa`, `codigo`) VALUES (27, 3, 'MRE');
INSERT INTO `llevar` (`dorsal`, `netapa`, `codigo`) VALUES (12, 3, 'MSE');
INSERT INTO `llevar` (`dorsal`, `netapa`, `codigo`) VALUES (1, 4, 'MGE');
INSERT INTO `llevar` (`dorsal`, `netapa`, `codigo`) VALUES (24, 4, 'MMO');
INSERT INTO `llevar` (`dorsal`, `netapa`, `codigo`) VALUES (69, 4, 'MMS');
INSERT INTO `llevar` (`dorsal`, `netapa`, `codigo`) VALUES (17, 4, 'MMV');
INSERT INTO `llevar` (`dorsal`, `netapa`, `codigo`) VALUES (27, 4, 'MRE');
INSERT INTO `llevar` (`dorsal`, `netapa`, `codigo`) VALUES (8, 4, 'MSE');
INSERT INTO `llevar` (`dorsal`, `netapa`, `codigo`) VALUES (2, 5, 'MGE');
INSERT INTO `llevar` (`dorsal`, `netapa`, `codigo`) VALUES (25, 5, 'MMO');
INSERT INTO `llevar` (`dorsal`, `netapa`, `codigo`) VALUES (16, 5, 'MMV');
INSERT INTO `llevar` (`dorsal`, `netapa`, `codigo`) VALUES (27, 5, 'MRE');
INSERT INTO `llevar` (`dorsal`, `netapa`, `codigo`) VALUES (12, 5, 'MSE');
INSERT INTO `llevar` (`dorsal`, `netapa`, `codigo`) VALUES (2, 6, 'MGE');
INSERT INTO `llevar` (`dorsal`, `netapa`, `codigo`) VALUES (26, 6, 'MMO');
INSERT INTO `llevar` (`dorsal`, `netapa`, `codigo`) VALUES (16, 6, 'MMV');
INSERT INTO `llevar` (`dorsal`, `netapa`, `codigo`) VALUES (20, 6, 'MRE');
INSERT INTO `llevar` (`dorsal`, `netapa`, `codigo`) VALUES (12, 6, 'MSE');
INSERT INTO `llevar` (`dorsal`, `netapa`, `codigo`) VALUES (2, 7, 'MGE');
INSERT INTO `llevar` (`dorsal`, `netapa`, `codigo`) VALUES (26, 7, 'MMO');
INSERT INTO `llevar` (`dorsal`, `netapa`, `codigo`) VALUES (33, 7, 'MMV');
INSERT INTO `llevar` (`dorsal`, `netapa`, `codigo`) VALUES (20, 7, 'MRE');
INSERT INTO `llevar` (`dorsal`, `netapa`, `codigo`) VALUES (99, 7, 'MSE');
INSERT INTO `llevar` (`dorsal`, `netapa`, `codigo`) VALUES (4, 8, 'MGE');
INSERT INTO `llevar` (`dorsal`, `netapa`, `codigo`) VALUES (26, 8, 'MMO');
INSERT INTO `llevar` (`dorsal`, `netapa`, `codigo`) VALUES (33, 8, 'MMV');
INSERT INTO `llevar` (`dorsal`, `netapa`, `codigo`) VALUES (20, 8, 'MRE');
INSERT INTO `llevar` (`dorsal`, `netapa`, `codigo`) VALUES (99, 8, 'MSE');
INSERT INTO `llevar` (`dorsal`, `netapa`, `codigo`) VALUES (26, 9, 'MGE');
INSERT INTO `llevar` (`dorsal`, `netapa`, `codigo`) VALUES (26, 9, 'MMO');
INSERT INTO `llevar` (`dorsal`, `netapa`, `codigo`) VALUES (48, 9, 'MMV');
INSERT INTO `llevar` (`dorsal`, `netapa`, `codigo`) VALUES (20, 9, 'MRE');
INSERT INTO `llevar` (`dorsal`, `netapa`, `codigo`) VALUES (99, 9, 'MSE');
INSERT INTO `llevar` (`dorsal`, `netapa`, `codigo`) VALUES (26, 10, 'MGE');
INSERT INTO `llevar` (`dorsal`, `netapa`, `codigo`) VALUES (30, 10, 'MMO');
INSERT INTO `llevar` (`dorsal`, `netapa`, `codigo`) VALUES (48, 10, 'MMV');
INSERT INTO `llevar` (`dorsal`, `netapa`, `codigo`) VALUES (20, 10, 'MRE');
INSERT INTO `llevar` (`dorsal`, `netapa`, `codigo`) VALUES (99, 10, 'MSE');
INSERT INTO `llevar` (`dorsal`, `netapa`, `codigo`) VALUES (3, 11, 'MGE');
INSERT INTO `llevar` (`dorsal`, `netapa`, `codigo`) VALUES (30, 11, 'MMO');
INSERT INTO `llevar` (`dorsal`, `netapa`, `codigo`) VALUES (48, 11, 'MMV');
INSERT INTO `llevar` (`dorsal`, `netapa`, `codigo`) VALUES (20, 11, 'MRE');
INSERT INTO `llevar` (`dorsal`, `netapa`, `codigo`) VALUES (99, 11, 'MSE');
INSERT INTO `llevar` (`dorsal`, `netapa`, `codigo`) VALUES (3, 12, 'MGE');
INSERT INTO `llevar` (`dorsal`, `netapa`, `codigo`) VALUES (30, 12, 'MMO');
INSERT INTO `llevar` (`dorsal`, `netapa`, `codigo`) VALUES (48, 12, 'MMV');
INSERT INTO `llevar` (`dorsal`, `netapa`, `codigo`) VALUES (20, 12, 'MRE');
INSERT INTO `llevar` (`dorsal`, `netapa`, `codigo`) VALUES (99, 12, 'MSE');
INSERT INTO `llevar` (`dorsal`, `netapa`, `codigo`) VALUES (30, 13, 'MGE');
INSERT INTO `llevar` (`dorsal`, `netapa`, `codigo`) VALUES (30, 13, 'MMO');
INSERT INTO `llevar` (`dorsal`, `netapa`, `codigo`) VALUES (48, 13, 'MMV');
INSERT INTO `llevar` (`dorsal`, `netapa`, `codigo`) VALUES (20, 13, 'MRE');
INSERT INTO `llevar` (`dorsal`, `netapa`, `codigo`) VALUES (99, 13, 'MSE');
INSERT INTO `llevar` (`dorsal`, `netapa`, `codigo`) VALUES (30, 14, 'MGE');
INSERT INTO `llevar` (`dorsal`, `netapa`, `codigo`) VALUES (28, 14, 'MMO');
INSERT INTO `llevar` (`dorsal`, `netapa`, `codigo`) VALUES (42, 14, 'MMV');
INSERT INTO `llevar` (`dorsal`, `netapa`, `codigo`) VALUES (20, 14, 'MRE');
INSERT INTO `llevar` (`dorsal`, `netapa`, `codigo`) VALUES (22, 14, 'MSE');
INSERT INTO `llevar` (`dorsal`, `netapa`, `codigo`) VALUES (30, 15, 'MGE');
INSERT INTO `llevar` (`dorsal`, `netapa`, `codigo`) VALUES (28, 15, 'MMO');
INSERT INTO `llevar` (`dorsal`, `netapa`, `codigo`) VALUES (42, 15, 'MMV');
INSERT INTO `llevar` (`dorsal`, `netapa`, `codigo`) VALUES (20, 15, 'MRE');
INSERT INTO `llevar` (`dorsal`, `netapa`, `codigo`) VALUES (22, 15, 'MSE');
INSERT INTO `llevar` (`dorsal`, `netapa`, `codigo`) VALUES (1, 16, 'MGE');
INSERT INTO `llevar` (`dorsal`, `netapa`, `codigo`) VALUES (28, 16, 'MMO');
INSERT INTO `llevar` (`dorsal`, `netapa`, `codigo`) VALUES (42, 16, 'MMV');
INSERT INTO `llevar` (`dorsal`, `netapa`, `codigo`) VALUES (20, 16, 'MRE');
INSERT INTO `llevar` (`dorsal`, `netapa`, `codigo`) VALUES (22, 16, 'MSE');
INSERT INTO `llevar` (`dorsal`, `netapa`, `codigo`) VALUES (1, 17, 'MGE');
INSERT INTO `llevar` (`dorsal`, `netapa`, `codigo`) VALUES (28, 17, 'MMO');
INSERT INTO `llevar` (`dorsal`, `netapa`, `codigo`) VALUES (42, 17, 'MMV');
INSERT INTO `llevar` (`dorsal`, `netapa`, `codigo`) VALUES (20, 17, 'MRE');
INSERT INTO `llevar` (`dorsal`, `netapa`, `codigo`) VALUES (22, 17, 'MSE');
INSERT INTO `llevar` (`dorsal`, `netapa`, `codigo`) VALUES (1, 18, 'MGE');
INSERT INTO `llevar` (`dorsal`, `netapa`, `codigo`) VALUES (26, 18, 'MMO');
INSERT INTO `llevar` (`dorsal`, `netapa`, `codigo`) VALUES (20, 18, 'MMV');
INSERT INTO `llevar` (`dorsal`, `netapa`, `codigo`) VALUES (27, 18, 'MRE');
INSERT INTO `llevar` (`dorsal`, `netapa`, `codigo`) VALUES (10, 18, 'MSE');
INSERT INTO `llevar` (`dorsal`, `netapa`, `codigo`) VALUES (1, 19, 'MGE');
INSERT INTO `llevar` (`dorsal`, `netapa`, `codigo`) VALUES (28, 19, 'MMO');
INSERT INTO `llevar` (`dorsal`, `netapa`, `codigo`) VALUES (42, 19, 'MMV');
INSERT INTO `llevar` (`dorsal`, `netapa`, `codigo`) VALUES (20, 19, 'MRE');
INSERT INTO `llevar` (`dorsal`, `netapa`, `codigo`) VALUES (22, 19, 'MSE');
INSERT INTO `llevar` (`dorsal`, `netapa`, `codigo`) VALUES (1, 20, 'MGE');
INSERT INTO `llevar` (`dorsal`, `netapa`, `codigo`) VALUES (28, 20, 'MMO');
INSERT INTO `llevar` (`dorsal`, `netapa`, `codigo`) VALUES (42, 20, 'MMV');
INSERT INTO `llevar` (`dorsal`, `netapa`, `codigo`) VALUES (20, 20, 'MRE');
INSERT INTO `llevar` (`dorsal`, `netapa`, `codigo`) VALUES (22, 20, 'MSE');
INSERT INTO `llevar` (`dorsal`, `netapa`, `codigo`) VALUES (1, 21, 'MGE');
INSERT INTO `llevar` (`dorsal`, `netapa`, `codigo`) VALUES (2, 21, 'MMO');
INSERT INTO `llevar` (`dorsal`, `netapa`, `codigo`) VALUES (42, 21, 'MMV');
INSERT INTO `llevar` (`dorsal`, `netapa`, `codigo`) VALUES (20, 21, 'MRE');
INSERT INTO `llevar` (`dorsal`, `netapa`, `codigo`) VALUES (22, 21, 'MSE');
# 109 records

#
# Table structure for table 'maillot'
#

DROP TABLE IF EXISTS `maillot`;

CREATE TABLE `maillot` (
  `codigo` VARCHAR(3) NOT NULL, 
  `tipo` VARCHAR(30), 
  `color` VARCHAR(20), 
  `premio` INTEGER, 
  PRIMARY KEY (`codigo`)
) ENGINE=InnoDB DEFAULT CHARSET=utf8;

SET autocommit=1;

#
# Dumping data for table 'maillot'
#

INSERT INTO `maillot` (`codigo`, `tipo`, `color`, `premio`) VALUES ('MGE', 'General', 'Amarillo', 8000000);
INSERT INTO `maillot` (`codigo`, `tipo`, `color`, `premio`) VALUES ('MMO', 'Montaña', 'Blanco y Rojo', 2000000);
INSERT INTO `maillot` (`codigo`, `tipo`, `color`, `premio`) VALUES ('MMS', 'Mas Sufrido', 'Estrellitas moradas', 2000000);
INSERT INTO `maillot` (`codigo`, `tipo`, `color`, `premio`) VALUES ('MMV', 'Metas volantes', 'Rojo', 2000000);
INSERT INTO `maillot` (`codigo`, `tipo`, `color`, `premio`) VALUES ('MRE', 'Regularidad', 'Verde', 2000000);
INSERT INTO `maillot` (`codigo`, `tipo`, `color`, `premio`) VALUES ('MSE', 'Sprints especiales', 'Rosa', 2000000);
# 6 records

#
# Table structure for table 'puerto'
#

DROP TABLE IF EXISTS `puerto`;

CREATE TABLE `puerto` (
  `nompuerto` VARCHAR(35) NOT NULL, 
  `altura` INTEGER, 
  `categoria` VARCHAR(1), 
  `pendiente` DOUBLE NULL, 
  `netapa` INTEGER NOT NULL, 
  `dorsal` INTEGER, 
  PRIMARY KEY (`nompuerto`)
) ENGINE=InnoDB DEFAULT CHARSET=utf8;

SET autocommit=1;

#
# Dumping data for table 'puerto'
#

INSERT INTO `puerto` (`nompuerto`, `altura`, `categoria`, `pendiente`, `netapa`, `dorsal`) VALUES ('Alto del Naranco', 565, '1', 6.9, 10, 30);
INSERT INTO `puerto` (`nompuerto`, `altura`, `categoria`, `pendiente`, `netapa`, `dorsal`) VALUES ('Arcalis', 2230, 'E', 6.5, 10, 4);
INSERT INTO `puerto` (`nompuerto`, `altura`, `categoria`, `pendiente`, `netapa`, `dorsal`) VALUES ('Cerler-Circo de Ampriu', 2500, 'E', 5.87, 11, 9);
INSERT INTO `puerto` (`nompuerto`, `altura`, `categoria`, `pendiente`, `netapa`, `dorsal`) VALUES ('Coll de la Comella', 1362, '1', 8.07, 10, 2);
INSERT INTO `puerto` (`nompuerto`, `altura`, `categoria`, `pendiente`, `netapa`, `dorsal`) VALUES ('Coll de Ordino', 1980, 'E', 5.3, 10, 7);
INSERT INTO `puerto` (`nompuerto`, `altura`, `categoria`, `pendiente`, `netapa`, `dorsal`) VALUES ('Cruz de la Demanda', 1850, 'E', 7, 11, 20);
INSERT INTO `puerto` (`nompuerto`, `altura`, `categoria`, `pendiente`, `netapa`, `dorsal`) VALUES ('Lagos de Covadonga', 1134, 'E', 6.86, 16, 42);
INSERT INTO `puerto` (`nompuerto`, `altura`, `categoria`, `pendiente`, `netapa`, `dorsal`) VALUES ('Navacerrada', 1860, '1', 7.5, 19, 2);
INSERT INTO `puerto` (`nompuerto`, `altura`, `categoria`, `pendiente`, `netapa`, `dorsal`) VALUES ('Puerto de Alisas', 672, '1', 5.8, 15, 1);
INSERT INTO `puerto` (`nompuerto`, `altura`, `categoria`, `pendiente`, `netapa`, `dorsal`) VALUES ('Puerto de la Morcuera', 1760, '2', 6.5, 19, 2);
INSERT INTO `puerto` (`nompuerto`, `altura`, `categoria`, `pendiente`, `netapa`, `dorsal`) VALUES ('Puerto de Mijares', 1525, '1', 4.9, 18, 24);
INSERT INTO `puerto` (`nompuerto`, `altura`, `categoria`, `pendiente`, `netapa`, `dorsal`) VALUES ('Puerto de Navalmoral', 1521, '2', 4.3, 18, 2);
INSERT INTO `puerto` (`nompuerto`, `altura`, `categoria`, `pendiente`, `netapa`, `dorsal`) VALUES ('Puerto de Pedro Bernardo', 1250, '1', 4.2, 18, 25);
INSERT INTO `puerto` (`nompuerto`, `altura`, `categoria`, `pendiente`, `netapa`, `dorsal`) VALUES ('Sierra Nevada', 2500, 'E', 6, 2, 26);
# 14 records

